columna 1,columna 2,columna 3,columna 4
0.2644020780213159,0.6360659130783387,0.1502289575008695,0.07047766091907026
0.13719430397019305,0.2909675169418465,0.31666231031465275,0.3219006349497967
0.15160374890106165,0.768815736686723,0.660270715619225,0.7696209880567645
